trip_id,user_id,vehicle_id,zone,trip_date,start_ts,end_ts,distance_km,fare,discount,payment_method,vehicle_type,speed_kmh,harsh_brake_count,status
T001,U1,V1,ZoneA,2025-12-20,2025-12-20 08:00:00,2025-12-20 08:20:00,5.0,50.0,5.0,Card,Bike,15.0,0,Completed
T002,U2,V2,ZoneB,2025-12-20,2025-12-20 18:00:00,2025-12-20 18:45:00,12.0,120.0,0.0,UPI,Car,16.0,1,Completed
T003,U1,V3,ZoneA,2025-12-21,2025-12-21 09:30:00,2025-12-21 10:10:00,8.0,80.0,10.0,Cash,Scooter,12.0,3,Completed
T004,U3,V2,ZoneC,2025-12-21,2025-12-21 14:00:00,2025-12-21 14:25:00,6.0,60.0,0.0,Card,Car,14.0,0,Cancelled
T005,U4,V4,ZoneB,2025-12-22,2025-12-22 07:15:00,2025-12-22 07:55:00,10.0,100.0,20.0,Card,Car,15.0,2,Completed
T006,U2,V1,ZoneA,2025-12-22,2025-12-22 19:00:00,2025-12-22 19:30:00,7.0,70.0,0.0,UPI,Bike,18.0,0,Completed
T007,U5,V5,ZoneC,2025-12-23,2025-12-23 11:00:00,2025-12-23 12:10:00,20.0,200.0,0.0,Cash,Van,17.0,4,Completed
T008,U3,V3,ZoneB,2025-12-23,2025-12-23 17:30:00,2025-12-23 18:00:00,6.0,65.0,5.0,Card,Scooter,13.0,0,Completed
T009,U4,V4,ZoneA,2025-12-24,2025-12-24 08:45:00,2025-12-24 09:05:00,4.0,45.0,0.0,UPI,Car,12.0,0,Completed
T010,U6,V6,ZoneC,2025-12-24,2025-12-24 20:00:00,2025-12-24 20:50:00,15.0,150.0,15.0,Card,Car,18.0,2,Completed
